url,title,tags,description
https://drive.google.com/file/d/1D_jfXhXDW0F8N3vk2G5NHgFswCMxEq0d/view?usp=share_link,Techno gamerz slap fight with Ishowspeed,"Gaming Showdown, Techno Gamerz, IShowSpeed, Slap Fight, Gaming Community, YouTube Shorts, Viral Shorts, YouTube Gaming, Gamer Rivalry, Epic Battle, Entertainment, YouTuber Rivalry, Short Form Content, Trending Now, Short Video, Gaming Legends, Entertainment News, Drama, Intense Clash, Online Gaming, YouTube Stars, Gaming Duel, Online Showdown, YouTube Creators, Content Creation, Gaming Drama, Gaming Showmatch, Intense Gaming, Face-off, Viral Video, YouTube Sensations, Gaming World, Gaming Championships, Gaming Challenges, Popular Gamers, Gaming Content, Short-Form Entertainment, YouTube Celebrities, Gaming Battles, Social Media Rivalry, Online Entertainment, Gaming Influencers, Short Video Trends, Internet Celebrities, Gaming Icons, Head-to-Head, Competitive Gaming, Gamer Entertainment, Gaming News, YouTube Fame, Gamer Community, Trending Shorts, YouTube Trends","In this epic gaming showdown, we bring you the intense battle between two gaming titans, Techno Gamerz and IShowSpeed. It's an all-out slap fight that's set to shake the gaming community and beyond. These YouTube stars are known for their incredible gaming skills, and when they face off, you know it's going to be epic.

Prepare yourself for a gaming duel like no other. The tension, the drama, and the excitement are all part of this gaming showdown. The YouTube Shorts format allows you to dive right into the action without any delay, making it perfect for those who want a quick dose of entertainment.

As the gaming world watches, we witness an intense clash between these two online gaming legends. The competition is fierce, and the rivalry between them adds an extra layer of excitement to this battle. It's not just about gaming; it's about pride and bragging rights in the gaming community.

This viral short video is trending now, and it's not hard to see why. It's a short, action-packed battle that's perfect for those looking for quick, thrilling entertainment. The YouTube Shorts platform has given rise to new forms of content creation, and this video is a prime example of what's possible in the world of short-form entertainment.

So, don't miss out on this face-off between two of the biggest YouTube gaming stars. Watch as they go head-to-head in a gaming showdown that's taking the internet by storm. Subscribe, like, and share this video to show your support for your favorite gaming icons and to stay updated on the latest trends in online gaming. Gaming championships, challenges, and entertainment – it's all here. Who will emerge victorious? Find out in this epic gaming clash!

#GamingShowdown #TechnoGamerz #IShowSpeed #SlapFight #GamingCommunity #YouTubeShorts #ViralShorts #YouTubeGaming #GamerRivalry #EpicBattle #Entertainment #YouTuberRivalry #ShortFormContent #TrendingNow #ShortVideo #GamingLegends #EntertainmentNews #Drama #IntenseClash #OnlineGaming #YouTubeStars #GamingDuel #OnlineShowdown #YouTubeCreators #ContentCreation #GamingDrama #GamingShowmatch #IntenseGaming #Faceoff #ViralVideo #YouTubeSensations #GamingWorld #GamingChampionships #GamingChallenges #PopularGamers #GamingContent #ShortFormEntertainment #YouTubeCelebrities #GamingBattles #SocialMediaRivalry #OnlineEntertainment #GamingInfluencers #ShortVideoTrends #InternetCelebrities #GamingIcons #HeadtoHead #CompetitiveGaming #GamerEntertainment #GamingNews #YouTubeFame #GamerCommunity #TrendingShorts #YouTubeTrends"
https://drive.google.com/file/d/1OvBBcumAOCcAnTnod-lXRbkyiS7MSW94/view?usp=share_link,"Homey's make ishowspeed do a jump challenge against a frog ft. Technogamerz, Mythpat, SlayyPoint","Jump Challenge, Epic Challenge, Homey's, Frog, TechnoGamerz, Mythpat, SlayyPoint, IShowSpeed, Gaming, YouTube, Collaboration, Gaming Challenge, Online Challenge, Jumping Competition, Content Creation, Viral Video, Challenge Video, Gaming Community, YouTubers, Entertaining Content, Online Entertainment, Fun Challenge, Internet Personalities, Content Creators, Gaming Stars, Jumping Fun, Competitive Challenge, Collaboration Video, Gaming Legends, Online Video, Trending Challenge, Viral Challenge","Get ready for an epic gaming challenge like no other! Homey's has organized a jump challenge that's going to take the gaming community by storm. But there's a twist – they're taking on a frog! This unique challenge features not only the gaming prowess of TechnoGamerz, Mythpat, SlayyPoint, and IShowSpeed but also the incredible jumping skills of our amphibian friend.

In this exclusive collaboration, you'll witness gaming stars and a charismatic frog going head-to-head in a jumping competition that's both entertaining and competitive. It's a true test of skill, whether you're a gamer or a frog, and it's all happening right here on YouTube.

The Homey's team has put together this fun challenge video that combines the best of the gaming and animal worlds. You won't want to miss this entertaining content, which is bound to go viral and trend across the gaming and entertainment communities.

The excitement is palpable as TechnoGamerz, Mythpat, SlayyPoint, and IShowSpeed take on the challenge with their unique styles and approaches. The frog, with its incredible leaping abilities, is no slouch either. It's a clash of worlds and a meeting of talents you won't see anywhere else.

So, whether you're a fan of these gaming legends or just a curious viewer looking for a good time, this video has something for everyone. It's a testament to the creativity and collaboration that makes the YouTube community so special.

Subscribe, like, and share this video to support your favorite YouTubers and to enjoy an unforgettable, fun-filled challenge video. The Homey's jump challenge is here to stay, and it's bound to become a memorable moment in the world of online content creation.

#JumpChallenge #EpicChallenge #Homeys #Frog #TechnoGamerz #Mythpat #SlayyPoint #IShowSpeed #Gaming #YouTube #Collaboration #GamingChallenge #OnlineChallenge #JumpingCompetition #ContentCreation #ViralVideo #ChallengeVideo #GamingCommunity #YouTubers #EntertainingContent #OnlineEntertainment #FunChallenge #InternetPersonalities #ContentCreators #GamingStars #JumpingFun #CompetitiveChallenge #CollaborationVideo #GamingLegends #OnlineVideo #TrendingChallenge #ViralChallenge"
https://drive.google.com/file/d/1B4KlrhaXPKwYrQbMgyxMibc-XX6_9o61/view?usp=drive_link,"Homey's make ishowspeed touch a real lizard ft. Technogamerz, Mythpat, SlayyPoint","Unique Challenge, Homey's, Real Lizard, TechnoGamerz, Mythpat, SlayyPoint, IShowSpeed, Gaming, YouTube, Collaboration, Gaming Challenge, Online Challenge, Unconventional Challenge, Reptile Encounter, Content Creation, Viral Video, Challenge Video, Gaming Community, YouTubers, Entertaining Content, Online Entertainment, Fun Challenge, Internet Personalities, Content Creators, Gaming Stars, Lizard Encounter, Competitive Challenge, Collaboration Video, Gaming Legends, Online Video, Trending Challenge, Viral Challenge","Get ready for a truly unique challenge that's about to captivate the online world! Homey's has engineered an unconventional encounter, featuring IShowSpeed, a real lizard, and a star-studded cast including TechnoGamerz, Mythpat, and SlayyPoint.

In this exclusive collaboration, you'll witness some of your favorite gaming stars embarking on a challenge that's not only entertaining but also intriguing. Homey's is known for pushing the boundaries of content creation, and this time, they've brought a real lizard into the mix. It's a challenge that blurs the lines between gaming and wildlife, and it's all happening right here on YouTube.

The excitement is palpable as these gaming legends take on the lizard encounter with their unique styles and approaches. The real lizard, with its reptilian charm, adds an unexpected twist to the challenge, making it a true test of wit, courage, and creativity.

So, whether you're a fan of these gaming icons or just a curious viewer looking for a one-of-a-kind adventure, this video is sure to deliver. It's a testament to the diversity and creativity that makes the YouTube community so special.

Subscribe, like, and share this video to support your favorite YouTubers and to immerse yourself in this unforgettable, boundary-pushing challenge video. The Homey's unconventional encounter is set to make waves and become a memorable moment in the world of online content creation.

#UniqueChallenge #Homeys #RealLizard #TechnoGamerz #Mythpat #SlayyPoint #IShowSpeed #Gaming #YouTube #Collaboration #GamingChallenge #OnlineChallenge #UnconventionalChallenge #ReptileEncounter #ContentCreation #ViralVideo #ChallengeVideo #GamingCommunity #YouTubers #EntertainingContent #OnlineEntertainment #FunChallenge #InternetPersonalities #ContentCreators #GamingStars #LizardEncounter #CompetitiveChallenge #CollaborationVideo #GamingLegends #OnlineVideo #TrendingChallenge #ViralChallenge"
https://drive.google.com/file/d/1Gi4Jxv8_kPb7Fq9JJ1ABrpmrIqd_RQ81/view?usp=drive_link,Techno Gamerz and Mythpat violate ishowspeed,"Mythpat, TechnoGamerz, IShowSpeed, Comedy Moments, Gaming Fun, Online Entertainment, Gaming Community, Laughter, Epic Pranks, Entertaining Video, YouTube Comedy, Gaming Legends, Must-See Funny Moments, Viral Humor","Get ready to roll on the floor with laughter! Mythpat, TechnoGamerz, and IShowSpeed have unleashed an epic wave of hilarious shenanigans in the gaming world.

This video is your ticket to endless fun. We're diving into the side-splitting world of gaming pranks, comedy, and pure entertainment. Watch as these gaming legends take humor to a whole new level, and it's all in the name of side-splitting fun within the gaming community.

If you're a fan of laughter and good times, this video is a must-watch. Join the party, subscribe, like, and share it with your friends to spread the joy and become part of the gaming humor craze!

#Mythpat #TechnoGamerz #IShowSpeed #ComedyMoments #GamingFun #OnlineEntertainment #Laughter #EpicPranks #EntertainingVideo #YouTubeComedy #GamingLegends #MustSeeFunnyMoments #ViralHumor"
https://drive.google.com/file/d/1kB4hIbteU3E2FrORx5kS7Ui1d21dwK3Q/view?usp=drive_link,"Techno Gamerz, Myhtpat and IshowSpeed dance on Zingaat","Techno Gamerz, Mythpat, IShowSpeed, Dance Party, Zingaat, Fun Moments, Gaming Community, Entertainment, Dance Challenge, YouTube Fun, Gaming Legends, Dance Off, Online Fun, Viral Dance Video","Get ready to witness an epic dance-off like never before! Techno Gamerz, Mythpat, and IShowSpeed are bringing the party vibes as they groove to the catchy beats of Zingaat.

This video is all about fun and entertainment. Join these gaming legends as they take a break from the gaming world to showcase their awesome dance moves. It's a dance challenge you won't want to miss, and the energy is infectious.

Whether you're a fan of gaming or just looking for some lively entertainment, this video has something for everyone. Subscribe, like, and share this video to show your support and join in the dance party that's taking the gaming community by storm!

#TechnoGamerz #Mythpat #IShowSpeed #DanceParty #Zingaat #FunMoments #GamingCommunity #Entertainment #DanceChallenge #YouTubeFun #GamingLegends #DanceOff #OnlineFun #ViralDanceVideo"
https://drive.google.com/file/d/1keY--d4Z3yGNy7PbUh0pMks7ItpEAhTk/view?usp=drive_link,Techno Gamerz and Homey's make Ishowspeed dance with a dog,"Techno Gamerz, Homey's, IShowSpeed, Dance Challenge, Dog Dancing, Entertainment, Gaming Community, Fun Moments, Gaming Legends, Dance Off, Online Fun, Viral Dance Video, Canine Groove","Get ready for a dance-off that's out of this world! Techno Gamerz and Homey's have teamed up to bring you the ultimate dance challenge, featuring none other than IShowSpeed and an adorable four-legged friend.

In this video, you'll witness some serious dance moves, a ton of entertainment, and a dash of canine charm. It's all in the name of fun and creating memorable moments within the gaming community.

Whether you're a fan of gaming or just looking for some lively entertainment, this video is bound to make you smile. Subscribe, like, and share to show your support and join the dance party that's got everyone talking!

#TechnoGamerz #Homeys #IShowSpeed #DanceChallenge #DogDancing #Entertainment #GamingCommunity #FunMoments #GamingLegends #DanceOff #OnlineFun #ViralDanceVideo #CanineGroove"
https://drive.google.com/file/d/1ShKWyPhIVNgYMmtPk7WyJML1Ult6ySuG/view?usp=drive_link,"Homey's make ishowspeed do a barking challenge against a dog ft. Technogamerz, Mythpat, SlayyPoint","Barking Challenge, IShowSpeed, Dog Challenge, TechnoGamerz, Mythpat, SlayyPoint, Homey's, Entertainment, Fun Moments, Gaming Community, Viral Challenge, Online Fun, Collaborative Fun, Gaming Legends, Challenge Video","Get ready for a unique and uproarious challenge like never before! Homey's has orchestrated an epic Barking Challenge featuring IShowSpeed pitted against a four-legged canine, and they've got TechnoGamerz, Mythpat, and SlayyPoint in on the action!

This video promises tons of laughter, surprises, and unforgettable moments. It's all in good fun and geared toward creating sensational content within the gaming community.

Watch as IShowSpeed goes head-to-head with a furry challenger in the Barking Challenge. It's an uproarious test of vocal prowess and comedic timing, and it's all for your entertainment.

If you're a fan of gaming, humor, or just looking for a good laugh, this video is a must-watch. Subscribe, like, and share to be part of the fun and show your support for these gaming legends as they take on the Barking Challenge like never before!

#BarkingChallenge #IShowSpeed #DogChallenge #TechnoGamerz #Mythpat #SlayyPoint #Homeys #Entertainment #FunMoments #GamingCommunity #ViralChallenge #OnlineFun #CollaborativeFun #GamingLegends #ChallengeVideo"
https://drive.google.com/file/d/12C8lD5-czKz5NpmxJ9qIUndHVNpxO9mV/view?usp=drive_link,"Homey's and Ishowspeed pay red hands ft. Technogamerz, Mythpat, SlayyPoint","Red Hands Challenge, Homey's, IShowSpeed, TechnoGamerz, Mythpat, SlayyPoint, Fun Game, Gaming Community, Entertainment, Challenge Video, Gaming Legends, Online Fun, Collaborative Fun, Viral Challenge","Prepare for an exciting showdown that'll leave you at the edge of your seat! Homey's and IShowSpeed are diving into the intense Red Hands Challenge, and they've recruited TechnoGamerz, Mythpat, and SlayyPoint to join the action!

This video is all about high-energy fun and delivering entertainment that'll have you hooked from start to finish. It's a competitive and thrilling game that's all about reflexes, and it's bound to create unforgettable moments within the gaming community.

Watch as Homey's and IShowSpeed go head-to-head against their fellow gamers in the Red Hands Challenge. It's an exhilarating test of quick reflexes and strategic timing, and it's all for your enjoyment.

Whether you're a gaming enthusiast, looking for some great entertainment, or just love a good challenge, this video is a must-watch. Subscribe, like, and share to get in on the excitement and show your support for these gaming legends as they take on the Red Hands Challenge like never before!

#RedHandsChallenge #Homeys #IShowSpeed #TechnoGamerz #Mythpat #SlayyPoint #GamingCommunity #Entertainment #ChallengeVideo #GamingLegends #OnlineFun #CollaborativeFun #ViralChallenge"
https://drive.google.com/file/d/1S1SimO1N6yb9k00rwN_ClAZpovyyIpWo/view?usp=drive_link,"Homey's get Ishowspeed bit by a snake ft. Technogamerz, Mythpat, SlayyPoint","Snake Kiss Challenge, IShowSpeed, Homey's, TechnoGamerz, Mythpat, SlayyPoint, Fun Challenge, Entertainment, Gaming Community, Collaboration, Hilarious Moments, Online Fun, Viral Dare","Get ready for a daring adventure full of laughter and surprises! Homey's has dared IShowSpeed to take on the Snake Kiss Challenge, and they've got some of the biggest names in gaming - TechnoGamerz, Mythpat, and SlayyPoint - to join in on the fun!

In this video, you'll witness a hilariously entertaining challenge that'll keep you entertained from start to finish. It's all about pushing boundaries, embracing your inner daredevil, and creating unforgettable moments within the gaming community.

Watch as IShowSpeed fearlessly takes on the Snake Kiss Challenge, proving that he's up for any wild dare that comes his way. It's an adrenaline-pumping, laughter-inducing test of courage and humor, all for your enjoyment.

Whether you're a gaming enthusiast, looking for some great entertainment, or just love a good dare, this video is a must-watch. Subscribe, like, and share to join in on the excitement and show your support for these gaming legends as they embark on this wild adventure like never before!

#SnakeKissChallenge #IShowSpeed #Homeys #TechnoGamerz #Mythpat #SlayyPoint #FunChallenge #Entertainment #GamingCommunity #Collaboration #HilariousMoments #OnlineFun #ViralDare"
